id,scientific_name,latitude,longitude,year,month,day
260681,Physcomitrium,40.969477,-95.849461,2013,5,9
637203,Physcomitrium pyriforme,38.94637,-92.44652,2014,4,20
647628,Physcomitrium pyriforme,40.51020556,-80.42423056,2014,4,28
664629,Physcomitrium pyriforme,40.51212833,-80.44698167,2014,5,6
722362,Physcomitrium pyriforme,40.42586995,-80.01713545,2014,6,7
1290483,Physcomitrium pyriforme,32.566276,-97.140667,2015,3,13
1335751,Physcomitrium pyriforme,35.523124,-83.306584,2015,3,19
1359597,Physcomitrium pyriforme,32.588059,-97.098413,2015,4,2
1388870,Physcomitrium pyriforme,38.94626,-92.44653,2015,4,12
2779623,Physcomitrium pyriforme,35.914581,-79.971983,2016,3,9
2782114,Physcomitrium pyriforme,35.90027618,-79.9422226,2016,3,14
2782207,Physcomitrium pyriforme,35.9003378,-79.9419609,2016,3,14
2782250,Physcomitrium pyriforme,35.9003451,-79.9420483,2016,3,14
2783402,Physcomitrium pyriforme,40.5020503,-80.0604476,2016,3,14
2790681,Physcomitrium pyriforme,41.81869532,-72.24977867,2016,3,16
2799425,Physcomitrium pyriforme,35.90000153,-79.9422226,2016,3,15
2800168,Physcomitrium,35.9003378,-79.9419609,2016,3,18
2803019,Physcomitrium pyriforme,35.90000206,-79.94249705,2016,3,19
2809042,Physcomitrium pyriforme,35.9002761,-79.94194787,2016,3,20
2811042,Physcomitrium pyriforme,35.9002761,-79.94194787,2016,3,20
2816401,Physcomitrium pyriforme,39.22530784,-76.74490627,2016,3,22
2873149,Physcomitrium pyriforme,38.94626,-92.44653,2016,4,3
2876795,Physcomitrium pyriforme,35.89861298,-79.94083405,2016,4,3
2891574,Physcomitrium pyriforme,35.90000206,-79.94194787,2016,4,6
2905056,Physcomitrium pyriforme,35.9,-79.94194444,2016,3,20
3083150,Physcomitrium pyriforme,33.02690411,-97.01499123,2016,5,2
3385750,Physcomitrium pyriforme,41.7240341,-72.57251735,2016,6,4
5071455,Physcomitrium pyriforme,32.5867879,-97.09081952,2017,2,7
5156419,Physcomitrium pyriforme,30.383121,-97.029997,2017,2,19
5481609,Physcomitrium pyriforme,39.59540333,-89.58000833,2017,3,26
5544892,Physcomitrium pyriforme,41.63444937,-87.57231759,2017,4,2
5601233,Physcomitrium pyriforme,41.5026483,-90.5502769,2017,4,7
5792109,Physcomitrium pyriforme,41.46648916,-90.57953149,2017,4,16
5994869,Physcomitrium pyriforme,41.52354963,-87.63964324,2017,4,28
5994962,Physcomitrium pyriforme,41.52322256,-87.63890773,2017,4,28
6009809,Physcomitrium pyriforme,42.84749689,-72.55651568,2017,4,29
8459820,Physcomitrium pyriforme,41.36105569,-88.16398247,2017,5,10
10161655,Physcomitrium pyriforme,31.97159515,-95.88729858,2018,3,9
10210716,Physcomitrium pyriforme,34.8076019,-86.58994675,2018,3,3
10265344,Physcomitrium pyriforme,35.20700258,-93.11885354,2018,3,16
10384662,Physcomitrium pyriforme,35.78583609,-78.85506347,2018,3,23
10403311,Physcomitrium pyriforme,33.85669448,-83.33029576,2018,3,23
10526933,Physcomitrium pyriforme,38.34400333,-75.15537217,2018,3,31
10566744,Physcomitrium pyriforme,53.141675,14.90801139,2018,4,2
10571397,Physcomitrium pyriforme,39.004825,-77.10893333,2018,4,2
10589185,Physcomitrium pyriforme,47.62247956,9.527850151,2018,3,30
10627562,Physcomitrium pyriforme,35.82106667,-79.08712783,2018,4,4
10711097,Physcomitrium pyriforme,34.56197833,-86.90101667,2018,3,10
10712145,Physcomitrium pyriforme,34.5743469,-86.77671,2018,3,10
10915416,Physcomitrium pyriforme,37.75017166,-89.08875275,2018,4,14
10974671,Physcomitrium pyriforme,53.14971139,14.90786639,2018,4,15
11285637,Physcomitrium pyriforme,42.09426,-123.68335,2018,3,25
11343982,Physcomitrium pyriforme,40.41680677,-79.83542707,2018,4,22
11395662,Physcomitrium pyriforme,40.86758268,-73.87664641,2018,4,24
11521860,Physcomitrium pyriforme,38.60543203,-90.36465143,2018,4,27
11545034,Physcomitrium pyriforme,39.0598242,-77.039075,2018,4,27
11601559,Physcomitrium pyriforme,42.11630495,-88.3967223,2018,4,28
11670303,Physcomitrium pyriforme,38.88366536,-77.1604448,2018,4,28
11676932,Physcomitrium pyriforme,42.72820306,-81.78141139,2018,4,28
11678991,Physcomitrium pyriforme,38.73411142,-75.13556603,2018,4,28
11788729,Physcomitrium pyriforme,42.53209904,-71.2969504,2018,4,29
11946371,Physcomitrium pyriforme,39.17906284,-76.8857789,2018,4,30
12221281,Physcomitrium pyriforme,41.81627,-94.62664167,2018,5,5
15970259,Physcomitrium pyriforme,43.29982334,-79.92762095,2018,5,11
16375805,Physcomitrium pyriforme,40.2412,-83.07600283,2018,9,7
19289342,Physcomitrium pyriforme,47.58636856,9.55574131,2018,12,29
19427958,Physcomitrium pyriforme,30.70668375,-96.38270986,2019,1,4
19853860,Physcomitrium pyriforme,39.8489164,-86.329714,2018,11,12
19914954,Physcomitrium pyriforme,33.85,-86.57,2019,1,25
19940156,Physcomitrium pyriforme,31.81936434,-86.06533751,2019,1,7
19991223,Physcomitrium pyriforme,31.4220829,-86.0530014,2019,1,31
20131994,Physcomitrium pyriforme,30.72207,-95.53704667,2019,2,5
20138698,Physcomitrium pyriforme,31.59739667,-89.200745,2019,2,5
20161332,Physcomitrium pyriforme,33.47124167,-94.07466117,2019,2,6
20163916,Physcomitrium pyriforme,33.4712,-94.0742945,2019,2,6
20168361,Physcomitrium pyriforme,33.51926848,-80.88114951,2019,2,6
20170938,Physcomitrium pyriforme,30.6692276,-93.04473114,2019,2,6
20181444,Physcomitrium pyriforme,33.02385461,-97.14585001,2019,2,6
20182115,Physcomitrium pyriforme,34.05259463,-79.00157184,2019,2,7
20190756,Physcomitrium pyriforme,35.58413339,-86.71478249,2019,2,7
20199513,Physcomitrium pyriforme,33.471245,-94.0742945,2019,2,7
20206426,Physcomitrium pyriforme,33.85,-86.57,2019,2,7
20240918,Physcomitrium pyriforme,31.49589157,-86.46985626,2019,2,9
20241157,Physcomitrium pyriforme,31.59732167,-89.20058333,2019,2,8
20244400,Physcomitrium pyriforme,32.96622778,-80.04373056,2019,2,9
20244401,Physcomitrium pyriforme,32.966325,-80.04376111,2019,2,9
20244402,Physcomitrium pyriforme,32.96631944,-80.04378611,2019,2,9
20244403,Physcomitrium pyriforme,32.96631667,-80.0438,2019,2,9
20264274,Physcomitrium pyriforme,31.88198471,-86.98551941,2019,2,10
20272390,Physcomitrium pyriforme,32.399225,-91.99469167,2019,2,9
20277533,Physcomitrium pyriforme,29.8985628,-95.45762807,2019,2,5
20289223,Physcomitrium pyriforme,31.8760643,-86.08058167,2019,2,11
20310729,Physcomitrium pyriforme,33.47119451,-94.07449638,2019,2,12
20323064,Physcomitrium pyriforme,33.22306167,-95.91470333,2019,2,13
20326544,Physcomitrium pyriforme,35.82107167,-79.08711117,2019,2,13
20329978,Physcomitrium pyriforme,35.2958286,-93.13681606,2019,2,13
20345542,Physcomitrium pyriforme,31.98450087,-86.5786682,2019,2,14
20349998,Physcomitrium pyriforme,32.42025333,-81.78987167,2019,2,14
20364448,Physcomitrium pyriforme,33.47732544,-94.07345581,2019,2,15
20376878,Physcomitrium pyriforme,31.59635333,-89.20003667,2019,2,14
20391313,Physcomitrium pyriforme,29.27520943,-95.96208191,2019,2,16
20472572,Physcomitrium pyriforme,33.51939119,-80.88086318,2019,2,18
20490450,Physcomitrium pyriforme,33.84940197,-86.56556748,2019,2,13
20518286,Physcomitrium pyriforme,32.47576175,-99.75010159,2019,2,20
20545222,Physcomitrium pyriforme,32.41863667,-81.78904667,2019,2,21
20553461,Physcomitrium pyriforme,32.41771333,-81.78893333,2019,2,21
20755448,Physcomitrium,40.06600012,-88.20793795,2019,2,25
20761818,Physcomitrium pyriforme,35.95011887,-84.00544248,2019,2,25
20766490,Physcomitrium pyriforme,30.83720556,-97.30523056,2019,2,25
20780488,Physcomitrium pyriforme,32.05274246,-86.21823006,2019,2,26
20793634,Physcomitrium pyriforme,35.81079073,-78.70521382,2019,2,26
20808199,Physcomitrium pyriforme,33.11826,-80.116936,2019,2,27
20898790,Physcomitrium pyriforme,36.05324173,-94.22556305,2019,3,2
21064459,Physcomitrium pyriforme,30.6938651,-96.2017103,2019,3,8
21067559,Physcomitrium pyriforme,31.59255333,-89.199495,2019,3,8
21119176,Physcomitrium pyriforme,35.77672195,-78.90518951,2019,3,10
21122664,Physcomitrium pyriforme,34.15943143,-80.89440096,2019,3,10
21132329,Physcomitrium pyriforme,32.90776825,-97.11961365,2019,3,10
21147566,Physcomitrium,31.35048111,-89.36791624,2019,3,11
21157354,Physcomitrium pyriforme,37.38006738,-76.6821091,2019,3,11
21165708,Physcomitrium pyriforme,37.2674834,-76.87435698,2019,3,10
21229886,Physcomitrium,37.24513636,-76.78846543,2019,3,14
21240039,Physcomitrium pyriforme,32.90593131,-97.11491855,2019,3,10
21262866,Physcomitrium pyriforme,35.72008133,-78.85606384,2019,3,14
21266048,Physcomitrium pyriforme,30.34797154,-90.0563792,2019,3,15
21288258,Physcomitrium pyriforme,34.74280868,-79.48737146,2019,2,27
21288709,Physcomitrium pyriforme,35.84108111,-78.79386993,2019,3,11
21333123,Physcomitrium pyriforme,36.02717819,-95.9659355,2019,3,17
21333788,Physcomitrium pyriforme,35.62459833,-78.93326167,2019,3,17
21369699,Physcomitrium pyriforme,37.24276,-76.76556,2019,3,15
21369841,Physcomitrium pyriforme,37.24522,-76.79025,2019,3,15
21370516,Physcomitrium pyriforme,37.24519,-76.7855,2019,3,15
21370641,Physcomitrium pyriforme,37.24515,-76.78917,2019,3,15
21370705,Physcomitrium pyriforme,37.24511,-76.7892,2019,3,15
21370770,Physcomitrium pyriforme,37.24505,-76.7887,2019,3,15
21370982,Physcomitrium pyriforme,37.26551,-76.87233,2019,3,15
21371032,Physcomitrium pyriforme,37.26544,-76.87113,2019,3,15
21371086,Physcomitrium pyriforme,37.2657,-76.87296,2019,3,15
21371174,Physcomitrium pyriforme,37.26748,-76.87435,2019,3,15
21371288,Physcomitrium pyriforme,37.26782,-76.87232,2019,3,15
21371394,Physcomitrium pyriforme,37.26659,-76.86563,2019,3,15
21371486,Physcomitrium pyriforme,37.22619,-76.77819,2019,3,15
21371547,Physcomitrium pyriforme,37.2261,-76.77811,2019,3,15
21371650,Physcomitrium pyriforme,37.22605,-76.77722,2019,3,15
21371708,Physcomitrium pyriforme,37.22646,-76.77788,2019,3,15
21371754,Physcomitrium pyriforme,37.2266,-76.77811,2019,3,15
21400384,Physcomitrium pyriforme,38.15571667,-83.46475333,2019,3,19
21404263,Physcomitrium pyriforme,37.30138333,-82.92159167,2019,3,19
21436748,Physcomitrium,36.00521896,-78.930233,2019,3,17
21455980,Physcomitrium pyriforme,40.79076672,-111.8788094,2019,3,16
21466562,Physcomitrium pyriforme,37.23711167,-82.95082833,2019,3,21
21469804,Physcomitrium pyriforme,37.70453035,-89.22706084,2019,3,21
21518069,Physcomitrium pyriforme,38.23009167,-83.49696333,2019,3,23
21551528,Physcomitrium pyriforme,35.73078865,-79.10708423,2019,3,24
21552287,Physcomitrium pyriforme,34.06460941,-80.95566463,2019,3,23
21552297,Physcomitrium,35.73079887,-79.1069291,2019,3,24
21552343,Physcomitrium,35.73076811,-79.10694427,2019,3,24
21647575,Physcomitrium pyriforme,38.85929443,-84.11477416,2019,3,26
21665752,Physcomitrium pyriforme,36.09558945,-78.86639579,2019,3,27
21720483,Physcomitrium pyriforme,38.02279788,-85.76639086,2019,3,28
21722969,Physcomitrium pyriforme,38.09164167,-85.63542167,2019,3,28
21723426,Physcomitrium pyriforme,33.85057396,-87.64317793,2019,3,28
21723998,Physcomitrium pyriforme,37.15336077,-86.06395037,2019,3,28
21739697,Physcomitrium pyriforme,50.62864446,-1.329885409,2019,3,29
21744928,Physcomitrium pyriforme,36.07565308,-95.7689209,2019,3,28
21747806,Physcomitrium pyriforme,40.70129528,-73.99744834,2019,3,29
21757499,Physcomitrium pyriforme,37.23958,-76.77613,2019,3,29
21757595,Physcomitrium pyriforme,37.24415,-76.78522,2019,3,29
21757710,Physcomitrium pyriforme,37.24153,-76.77755,2019,3,29
21799271,Physcomitrium pyriforme,38.912596,-76.9418223,2019,3,30
21812388,Physcomitrium pyriforme,39.97013833,-84.26711167,2019,3,24
21813506,Physcomitrium pyriforme,43.03757621,-81.26805883,2019,3,30
21818696,Physcomitrium pyriforme,52.56455443,17.16841089,2019,3,30
21832826,Physcomitrium pyriforme,35.93968333,-97.03441667,2019,3,30
21841756,Physcomitrium pyriforme,36.09335486,-78.91196235,2019,3,31
21896167,Physcomitrium pyriforme,33.94018156,-81.15425874,2019,3,31
21896903,Physcomitrium pyriforme,33.94018907,-81.15445487,2019,3,31
21935943,Physcomitrium pyriforme,43.0442937,-81.27512909,2019,4,2
21980447,Physcomitrium pyriforme turbinatum,37.31819609,-76.798362,2019,4,4
21983020,Physcomitrium pyriforme,38.04560748,-78.46317345,2019,4,4
21989808,Physcomitrium pyriforme,39.14548883,-76.21759667,2019,3,31
22005874,Physcomitrium pyriforme,37.71704367,-89.21974313,2019,4,3
22023227,Physcomitrium,39.68685147,-75.77917139,2019,4,5
22035403,Physcomitrium pyriforme,38.69897833,-90.35893333,2019,4,3
22039676,Physcomitrium pyriforme,38.94798495,-76.2297105,2019,4,5
22102178,Physcomitrium pyriforme,39.486575,-76.99253,2019,4,6
22112328,Physcomitrium pyriforme,35.940505,-97.03568333,2019,4,6
22173120,Physcomitrium pyriforme,36.24233167,-79.76976667,2019,4,7
22191820,Physcomitrium pyriforme,41.50293282,-90.55042232,2019,4,8
22203243,Physcomitrium pyriforme,35.59357417,-83.03886672,2019,4,8
22210206,Physcomitrium pyriforme,38.79687001,-89.83773983,2019,4,8
22257216,Physcomitrium pyriforme,35.70031333,-96.87290833,2019,4,9
22260176,Physcomitrium pyriforme,38.39656817,-84.90942053,2019,4,9
22262052,Physcomitrium pyriforme,35.05877962,-97.22950442,2019,4,7
22293680,Physcomitrium pyriforme,39.74377745,-77.01310287,2019,4,10
22326601,Physcomitrium pyriforme,38.626168,-90.37949134,2019,4,11
22339212,Physcomitrium pyriforme,39.94936667,-75.19877,2019,4,6
22367192,Physcomitrium pyriforme,47.63409042,9.578432083,2019,4,12
22386440,Physcomitrium pyriforme,38.63191641,-90.187329,2019,4,12
22386773,Physcomitrium pyriforme,38.63304223,-90.1866628,2019,4,12
22386990,Physcomitrium pyriforme,38.67479333,-77.24681,2019,4,12
22478359,Physcomitrium,32.40478,-81.78701167,2019,4,14
22481427,Physcomitrium pyriforme,41.71514246,-72.5283685,2019,4,14
22488676,Physcomitrium pyriforme,38.96872248,-77.38569689,2019,4,13
22488911,Physcomitrium pyriforme,38.934375,-76.96193667,2019,4,14
22493995,Physcomitrium pyriforme,39.39978,-76.49258333,2019,3,28
22495855,Physcomitrium pyriforme,35.72174915,-78.90604372,2019,4,14
22497960,Physcomitrium pyriforme,38.78341667,-77.07086117,2019,4,13
22576417,Physcomitrium pyriforme,38.11816383,-97.85743,2019,4,16
22576446,Physcomitrium pyriforme,40.44387436,-79.90190125,2019,4,14
22583258,Physcomitrium pyriforme,37.28345,-76.7411,2019,4,3
22583896,Physcomitrium pyriforme,37.2899,-76.647,2019,4,4
22584214,Physcomitrium pyriforme,37.29374,-76.64417,2019,4,4
22584829,Physcomitrium pyriforme,37.27066,-76.67657,2019,4,4
22591594,Physcomitrium pyriforme,39.8489164,-86.329714,2019,4,16
22626500,Physcomitrium pyriforme,38.628975,-90.18332778,2019,4,9
22631525,Physcomitrium pyriforme,40.9029451,-81.57247695,2019,4,17
22638318,Physcomitrium pyriforme,40.51850264,-79.82341583,2019,4,11
22670836,Physcomitrium pyriforme,39.53695612,-76.50933803,2019,4,14
22676999,Physcomitrium pyriforme,39.74916333,-94.81792833,2019,4,18
22718253,Physcomitrium pyriforme,40.47177167,-74.436325,2019,4,19
22728652,Physcomitrium pyriforme,39.42056215,-76.97440475,2019,4,19
22733032,Physcomitrium pyriforme,40.13781383,-75.30263667,2019,4,19
22780133,Physcomitrium pyriforme,39.45004487,-76.99523957,2019,4,20
22780175,Physcomitrium pyriforme,39.57354628,-76.99136733,2019,4,20
22780196,Physcomitrium pyriforme,39.41015159,-76.88949959,2019,4,20
22780272,Physcomitrium pyriforme,39.43338494,-76.81064931,2019,4,20
22780326,Physcomitrium pyriforme,39.58582601,-76.86955394,2019,4,20
22780366,Physcomitrium pyriforme,39.44971425,-76.80815201,2019,4,20
22780425,Physcomitrium pyriforme,39.49221497,-76.85186018,2019,4,20
22780465,Physcomitrium pyriforme,39.55217841,-76.86508126,2019,4,20
22780499,Physcomitrium pyriforme,39.42275754,-76.95577054,2019,4,20
22827156,Physcomitrium pyriforme,38.11814167,-97.85741333,2019,4,16
22840383,Physcomitrium pyriforme,41.46649401,-90.57930017,2019,4,21
22858147,Physcomitrium pyriforme,41.14926859,-83.67476023,2019,4,21
22913159,Physcomitrium pyriforme,39.50896789,-76.9102245,2019,4,22
22922041,Physcomitrium pyriforme,42.34210496,-81.84624022,2019,4,22
22953756,Physcomitrium pyriforme,38.04079201,-97.92324993,2019,4,16
22992660,Physcomitrium pyriforme,39.66430072,-75.7465486,2019,4,24
23047619,Physcomitrium pyriforme,38.11326695,-97.85554815,2019,4,16
23066481,Physcomitrium pyriforme,40.69424428,-74.00002275,2019,4,25
23085301,Physcomitrium,42.13938408,-87.78721639,2019,4,25
23164554,Physcomitrium pyriforme,35.78245253,-78.64073876,2019,4,26
23216695,Physcomitrium pyriforme,38.78345833,-77.0709445,2019,4,26
23247898,Physcomitrium pyriforme,35.77367706,-78.90784257,2019,4,26
23258121,Physcomitrium pyriforme,41.23190353,-95.96414815,2019,4,26
23261941,Physcomitrium pyriforme,35.85880465,-77.04154767,2019,4,21
23261945,Physcomitrium pyriforme,36.43184833,-76.69745,2019,4,21
23261947,Physcomitrium pyriforme,36.43695333,-76.69889833,2019,4,21
23309558,Physcomitrium pyriforme,38.6271286,-89.36069489,2019,4,26
23328871,Physcomitrium pyriforme,35.92855453,-78.96611786,2019,4,26
23374459,Physcomitrium pyriforme,40.97329587,-72.19767208,2019,4,27
23472222,Physcomitrium pyriforme,42.31756,-71.00902833,2019,4,27
23490547,Physcomitrium pyriforme,38.66441496,-90.54159408,2019,4,27
23658178,Physcomitrium pyriforme,39.52060833,-76.11258617,2019,4,28
23658250,Physcomitrium pyriforme,39.52264667,-76.11189167,2019,4,28
23658521,Physcomitrium pyriforme,39.520625,-76.1126555,2019,4,28
23661064,Physcomitrium pyriforme,38.58265333,-89.93816796,2019,4,27
23701119,Physcomitrium pyriforme,45.05777738,-93.207165,2019,4,28
23741888,Physcomitrium pyriforme,38.60843061,-90.26524549,2019,4,28
23754921,Physcomitrium pyriforme,42.12690086,-90.15642871,2019,4,28
23755898,Physcomitrium pyriforme,42.12723498,-90.15643353,2019,4,28
23808931,Physcomitrium pyriforme,38.968751,-77.385737,2019,4,28
23818436,Physcomitrium pyriforme,40.05228571,-74.97973698,2019,4,27
23960653,Physcomitrium pyriforme,42.36413746,-71.14303513,2019,4,29
24034816,Physcomitrium pyriforme,38.65446469,-90.34191654,2019,4,29
24054971,Physcomitrium pyriforme,43.08203769,-77.6732954,2019,4,29
24078255,Physcomitrium pyriforme,40.59072597,-74.08312997,2019,4,29
24245738,Physcomitrium pyriforme,42.4875,-78.60858833,2019,4,30
24303571,Physcomitrium pyriforme,41.50288833,-90.55121667,2019,5,1
24317984,Physcomitrium,41.48880187,-90.49076138,2019,5,1
24385512,Physcomitrium pyriforme,41.29523719,-82.21957902,2019,5,2
24408520,Physcomitrium pyriforme,41.82883887,-87.88281776,2019,5,2
24414627,Physcomitrium pyriforme,39.21202076,-94.50724742,2019,5,2
24444192,Physcomitrium pyriforme,41.43710833,-72.15132217,2019,4,23
24463030,Physcomitrium pyriforme,38.34922571,-98.19178106,2019,5,3
24521262,Physcomitrium pyriforme,41.51249732,-90.571477,2019,5,4
24563180,Physcomitrium pyriforme,39.44148848,-76.89029358,2019,5,4
24620942,Physcomitrium pyriforme,42.1435209,-90.16716332,2019,5,5
24620951,Physcomitrium pyriforme,42.14511578,-90.16693989,2019,5,5
24621004,Physcomitrium pyriforme,42.07149441,-90.17206731,2019,5,5
24672187,Physcomitrium pyriforme,42.76425333,-71.85575833,2019,5,6
24694236,Physcomitrium pyriforme,41.50045,-90.55332167,2019,5,6
24756248,Physcomitrium pyriforme,45.94580683,-66.64156956,2006,5,13
24790846,Physcomitrium pyriforme,45.51139714,-73.67093446,2019,5,8
24843609,Physcomitrium,39.21258513,-94.50987534,2019,5,9
24970635,Physcomitrium pyriforme,40.39220833,-74.70558,2019,5,11
25022467,Physcomitrium pyriforme,35.90602667,-78.54091833,2019,5,10
25079164,Physcomitrium pyriforme,47.282685,8.567511667,2017,3,20
25081741,Physcomitrium pyriforme,38.86257921,-77.39341468,2019,5,13
25094242,Physcomitrium pyriforme,40.2932668,-74.7248707,2019,5,12
25112113,Physcomitrium pyriforme,40.73588,-73.816385,2019,5,7
25120467,Physcomitrium pyriforme,42.46345,-76.45995333,2019,5,14
25129210,Physcomitrium pyriforme,43.14431654,-93.19488091,2019,5,14
25165063,Physcomitrium pyriforme,45.05873059,-64.8117811,2019,5,15
25187004,Physcomitrium pyriforme,36.32727278,-94.09263595,2019,3,23
25193610,Physcomitrium pyriforme,40.4347229,-79.90750122,2019,5,15
25215928,Physcomitrium pyriforme,40.71724422,-82.4153649,2019,5,16
25234914,Physcomitrium pyriforme,40.77167791,-73.95525483,2019,5,16
25272941,Physcomitrium pyriforme,39.82973281,-74.99195245,2019,5,17
25287307,Physcomitrium pyriforme,41.653375,-87.05728883,2019,5,15
25309910,Physcomitrium pyriforme,51.17577635,3.19715709,2019,5,18
25317557,Physcomitrium pyriforme,40.37242087,-75.00643736,2019,5,18
25344926,Physcomitrium pyriforme,43.35542667,-79.87983167,2019,5,18
25393631,Physcomitrium pyriforme,41.32043717,-73.30900253,2019,5,19
25503009,Physcomitrium pyriforme,39.36814817,-82.12465885,2019,5,21
25513317,Physcomitrium pyriforme,42.29401081,-71.82484028,2019,5,21
25624640,Physcomitrium pyriforme,39.92050833,-83.34050167,2019,4,23
25625774,Physcomitrium pyriforme,40.015605,-83.04400667,2019,5,2
25626403,Physcomitrium pyriforme,40.04019167,-83.01258,2019,5,2
25648083,Physcomitrium pyriforme,42.02979912,-82.7285038,2019,5,23
25715065,Physcomitrium pyriforme,42.28317672,-83.39316317,2019,5,24
25828168,Physcomitrium pyriforme,43.58642047,-80.41600418,2019,5,18
25828404,Physcomitrium pyriforme,43.59432873,-80.54629476,2019,5,18
25889116,Physcomitrium pyriforme,44.87303,-65.28150833,2019,5,27
25995077,Physcomitrium pyriforme,45.0899805,-64.71154667,2019,5,29
25995668,Physcomitrium pyriforme,45.09638617,-64.695755,2019,5,29
25999659,Physcomitrium pyriforme,45.0793,-64.32733,2019,5,29
26004622,Physcomitrium pyriforme,44.96137,-64.20033833,2019,5,29
26007901,Physcomitrium pyriforme,44.93557167,-64.209145,2019,5,29
26547995,Physcomitrium pyriforme,45.0541195,-64.1214055,2019,6,7
26573940,Physcomitrium pyriforme,41.70690795,-81.16770988,2017,6,6
26583386,Physcomitrium pyriforme,44.64999008,-68.82358551,2019,6,6
26625204,Physcomitrium pyriforme,50.96627808,-114.1307755,2019,6,8
26818255,Physcomitrium pyriforme,41.67681667,-81.13230333,2019,6,7
27030315,Physcomitrium pyriforme,42.04726215,-87.67743804,2019,6,15
27124510,Physcomitrium pyriforme,41.30189167,-83.66695167,2019,6,15
28744775,Physcomitrium pyriforme,41.32480503,-81.4225218,2017,4,9
29605447,Physcomitrium,39.59845807,-76.43048413,2019,4,3
30566270,Physcomitrium pyriforme,50.66851371,-1.202618108,2019,8,10
30835401,Physcomitrium pyriforme,36.0726354,-79.7919754,2013,5,29
30848433,Physcomitrium pyriforme,36.38017534,-94.20427211,2019,3,28
31318697,Physcomitrium pyriforme,46.83766167,-96.73657167,2019,5,28
31707314,Physcomitrium,35.75668862,-78.94064904,2018,2,27
32315757,Physcomitrium pyriforme,28.511775,-81.84243833,2019,2,15
32961549,Physcomitrium immersum,45.15113622,-64.41001765,2019,9,18
34222270,Physcomitrium pyriforme,40.6602037,-73.9689558,2019,5,11
34275651,Physcomitrium pyriforme,35.73279916,-78.99544393,2015,3,11
36092535,Physcomitrium pyriforme,52.59160159,-2.140641198,2019,11,26
36750290,Physcomitrium pyriforme,44.28234883,-72.57953407,2019,6,9
36890285,Physcomitrium pyriforme,39.73130859,-75.579466,2019,12,23
36948491,Physcomitrium pyriforme,39.82192323,-75.47594514,2019,12,25
37339300,Physcomitrium,26.3070197,-98.17076169,2020,1,6
37591395,Physcomitrium pyriforme,29.82119462,-90.101217,2020,1,14
37658324,Physcomitrium pyriforme,42.37443755,-71.15994729,2014,5,1
37715312,Physcomitrium pyriforme,33.45228333,-97.01154445,2020,1,18
37822034,Physcomitrium pyriforme,33.11080283,-96.85336333,2020,1,21
37949354,Physcomitrium pyriforme,30.63728333,-91.09788617,2020,1,25
37953539,Physcomitrium,33.22554912,-96.95017291,2020,1,25
38183149,Physcomitrium pyriforme,33.22452418,-96.94097437,2020,2,1
38183379,Physcomitrium pyriforme,33.22435465,-96.94092188,2020,2,1
38205109,Physcomitrium pyriforme,33.206945,-96.66093333,2020,2,1
38209670,Physcomitrium pyriforme,33.05020283,-97.02591667,2020,1,21
38218856,Physcomitrium pyriforme,33.0239,-97.14583617,2020,2,2
38224468,Physcomitrium pyriforme,33.22911915,-96.93074374,2020,2,2
38263048,Physcomitrium pyriforme,30.656555,-96.81607833,2020,2,2
38360745,Physcomitrium pyriforme,33.06558883,-96.97515,2020,2,6
38360768,Physcomitrium pyriforme,33.06853617,-96.96308,2020,2,6
38367965,Physcomitrium pyriforme,33.2505278,-97.08984143,2020,2,6
38368046,Physcomitrium pyriforme,33.25048593,-97.08988728,2020,2,6
38368099,Physcomitrium pyriforme,33.25062431,-97.08977505,2020,2,6
38393267,Physcomitrium pyriforme,33.06448766,-96.93136053,2020,2,7
38404113,Physcomitrium pyriforme,31.37769167,-89.51201667,2020,2,7
38427942,Physcomitrium pyriforme,33.2517501,-97.14954879,2020,2,8
38438231,Physcomitrium pyriforme,33.171795,-96.844009,2020,2,8
38472296,Physcomitrium pyriforme,33.05013617,-97.02588617,2020,2,9
38479692,Physcomitrium pyriforme,33.22542562,-96.93871007,2020,2,9
38652611,Physcomitrium pyriforme,32.62876167,-97.425445,2020,2,14
38670410,Physcomitrium pyriforme,35.03120833,-77.13656667,2020,2,14
38688252,Physcomitrium pyriforme,32.66336333,-85.52646667,2020,2,15
38708777,Physcomitrium pyriforme,32.42117833,-81.78980333,2020,2,15
38751918,Physcomitrium pyriforme,55.90341328,37.84919919,2020,2,17
38758588,Physcomitrium pyriforme,38.87913,-77.09198883,2020,2,17
38762564,Physcomitrium pyriforme,32.86475833,-97.0703055,2020,2,17
38767864,Physcomitrium pyriforme,33.01916374,-96.86211209,2020,2,17
38771003,Physcomitrium pyriforme,31.59332106,-89.19977107,2020,2,17
38771038,Physcomitrium pyriforme,31.59338951,-89.19974518,2020,2,17
38771431,Physcomitrium pyriforme,31.5935309,-89.20018511,2020,2,17
38777647,Physcomitrium pyriforme,31.59335,-89.19977,2020,2,17
38777657,Physcomitrium pyriforme,31.59360333,-89.20015,2020,2,17
38778341,Physcomitrium pyriforme,38.91295032,-76.94392348,2020,2,16
38916904,Physcomitrium pyriforme,34.14230114,-77.86718032,2020,2,16
38943135,Physcomitrium pyriforme,36.53289909,-87.35052631,2020,2,20
39065062,Physcomitrium pyriforme,32.52823795,-92.64230168,2020,2,22
39086995,Physcomitrium pyriforme,38.87901667,-77.09190283,2020,2,22
39088630,Physcomitrium pyriforme,31.59338667,-89.19979167,2020,2,17
39096517,Physcomitrium pyriforme,31.59336333,-89.19982167,2020,2,17
39096993,Physcomitrium pyriforme,33.22540319,-96.93850112,2020,2,23
39105396,Physcomitrium pyriforme,33.76400792,-84.36337698,2020,2,23
39128175,Physcomitrium pyriforme,35.71999359,-78.91203308,2020,2,23
39147418,Physcomitrium pyriforme,55.22333,11.80581333,2020,2,21
39174605,Physcomitrium pyriforme,38.65792148,-75.24892553,2020,2,24
39180373,Physcomitrium,32.78025778,-97.08740734,2019,4,28
39180374,Physcomitrium,32.78025969,-97.08739593,2019,4,28
39180375,Physcomitrium pyriforme,32.78026082,-97.08739593,2019,4,21
39185917,Physcomitrium,37.571535,-84.26110667,2020,2,23
39224378,Physcomitrium pyriforme,35.9805129,-78.99854098,2020,2,25
39244411,Physcomitrium pyriforme,50.05627108,8.169823128,2014,3,8
39247505,Physcomitrium pyriforme,36.86759181,-76.18806584,2020,2,26
39288191,Physcomitrium pyriforme,36.55646019,-79.05685121,2020,2,27
39293970,Physcomitrium pyriforme,35.16181117,-89.67856667,2020,2,27
39324205,Physcomitrium pyriforme,32.93141167,-95.69937833,2020,2,28
39362354,Physcomitrium pyriforme,36.783195,-77.466775,2020,2,29
39370849,Physcomitrium pyriforme,35.97040176,-78.64209747,2020,2,29
39372071,Physcomitrium pyriforme,32.86516161,-97.10451077,2020,2,29
39377753,Physcomitrium,32.16442412,-98.28600495,2020,2,29
39381526,Physcomitrium pyriforme,38.879395,-77.0937945,2020,2,29
39390650,Physcomitrium pyriforme,34.82295833,-77.15233056,2020,2,28
39457633,Physcomitrium pyriforme,40.06121328,-74.28893805,2020,2,17
39472356,Physcomitrium pyriforme,39.02028617,-77.1105805,2020,3,2
39499882,Physcomitrium,36.58966644,-87.42315925,2020,3,3
39504257,Physcomitrium,37.56808611,-84.25863611,2020,3,3
39511339,Physcomitrium,32.16444172,-98.2861499,2020,3,3
39525751,Physcomitrium pyriforme,47.82273318,9.23000753,2020,3,4
39537206,Physcomitrium pyriforme,33.06322717,-96.99240533,2020,3,4
39541921,Physcomitrium,36.36252145,-94.17188284,2020,3,4
39620508,Physcomitrium pyriforme,35.91037369,-78.57592773,2020,3,6
39625199,Physcomitrium pyriforme,33.05104148,-97.02392191,2020,3,6
39657494,Physcomitrium pyriforme,33.21386529,-96.94390298,2020,3,7
39657639,Physcomitrium pyriforme,33.2139301,-96.94393148,2020,3,7
39657897,Physcomitrium pyriforme,33.21454596,-96.9438246,2020,3,7
39683468,Physcomitrium pyriforme,34.87506572,-77.12497712,2020,3,7
39714781,Physcomitrium pyriforme,33.18253248,-96.94203121,2020,3,8
39729187,Physcomitrium,36.98588383,-91.70013764,2020,3,8
39756465,Physcomitrium pyriforme,37.36247167,-76.77863333,2020,3,9
39756714,Physcomitrium pyriforme,37.36232833,-76.778275,2020,3,9
39756937,Physcomitrium pyriforme,37.362125,-76.77813667,2020,3,9
39757220,Physcomitrium pyriforme,37.36306333,-76.77960333,2020,3,9
39757266,Physcomitrium pyriforme,37.36213667,-76.778075,2020,3,9
39762539,Physcomitrium,36.36294214,-94.17243953,2020,3,4
39766384,Physcomitrium pyriforme,37.36233833,-76.77973833,2020,3,9
39766555,Physcomitrium pyriforme,37.36301667,-76.77905333,2020,3,9
39766630,Physcomitrium pyriforme,37.361795,-76.77963333,2020,3,9
39774071,Physcomitrium pyriforme,40.57407779,-74.61196772,2020,3,9
39779215,Physcomitrium pyriforme,38.87900333,-77.09185,2020,3,9
39781187,Physcomitrium,32.7881,-97.117877,2020,3,8
39800910,Physcomitrium pyriforme,37.36297167,-76.81153,2020,3,10
39801422,Physcomitrium pyriforme,37.36325,-76.78038833,2020,3,10
39808610,Physcomitrium pyriforme,37.36306167,-76.78205833,2020,3,10
39809166,Physcomitrium pyriforme,33.0238695,-97.14582783,2020,3,10
39812297,Physcomitrium pyriforme,37.031175,-76.77915833,2020,3,10
39831569,Physcomitrium,27.888175,-82.34729667,2020,2,29
39838998,Physcomitrium pyriforme,37.02065283,-76.33716667,2020,3,11
39843103,Physcomitrium pyriforme,37.35970333,-76.77839667,2020,3,11
39843122,Physcomitrium pyriforme,37.357905,-76.76926333,2020,3,11
39863673,Physcomitrium pyriforme,35.93133737,-78.99683246,2020,2,3
39890682,Physcomitrium pyriforme,35.95425669,-83.92984822,2020,3,12
39897734,Physcomitrium pyriforme,32.76808626,-97.0400981,2020,3,12
39898055,Physcomitrium pyriforme,37.03725833,-76.76425833,2020,3,12
39900137,Physcomitrium pyriforme,35.63036728,-78.70616913,2020,3,12
39901454,Physcomitrium pyriforme,38.3374167,-85.4620972,2020,3,12
39919065,Physcomitrium pyriforme,35.11832071,-88.556531,2020,3,10
39938215,Physcomitrium pyriforme,40.0182,-75.94371667,2020,3,13
39944545,Physcomitrium pyriforme,35.98044089,-78.99850816,2020,3,12
39947816,Physcomitrium pyriforme,37.03893333,-76.76593833,2020,3,12
39955982,Physcomitrium,32.788105,-97.117603,2020,3,12
39985479,Physcomitrium pyriforme,56.21178556,10.11308139,2020,3,14
39999329,Physcomitrium pyriforme,32.78017681,-97.08733678,2020,3,1
39999330,Physcomitrium pyriforme,32.78031198,-97.08710074,2020,3,12
39999331,Physcomitrium pyriforme,32.78022995,-97.08736181,2020,3,1
40048196,Physcomitrium pyriforme,40.55477503,-74.34137572,2020,3,15
40051408,Physcomitrium pyriforme,31.63051897,-84.16095797,2020,3,15
40056479,Physcomitrium pyriforme,39.46049339,-75.72657353,2020,3,15
40090860,Physcomitrium pyriforme,38.79288468,-76.22648231,2020,3,16
40092773,Physcomitrium pyriforme,38.62610094,-90.3798236,2020,3,16
40095801,Physcomitrium,31.51134044,-94.04880329,2020,3,9
40096505,Physcomitrium,38.806975,-77.31442667,2020,3,16
40100380,Physcomitrium pyriforme,35.96761656,-78.96806246,2020,3,16
40105077,Physcomitrium pyriforme,37.27979999,-77.47073631,2020,3,16
40128423,Physcomitrium pyriforme,38.73737123,-75.73521338,2020,3,17
40139599,Physcomitrium pyriforme,32.77065284,-97.24271595,2020,3,17
40139803,Physcomitrium pyriforme,35.60963699,-82.42848127,2020,3,17
40144811,Physcomitrium pyriforme,39.59475667,-82.761665,2020,3,17
40147037,Physcomitrium pyriforme,32.40848833,-81.78346333,2020,3,17
40147417,Physcomitrium pyriforme,40.56269949,-74.61347878,2020,3,17
40160616,Physcomitrium pyriforme,39.848853,-86.329758,2020,3,17
40160994,Physcomitrium,32.16441919,-98.28620294,2020,3,17
40175382,Physcomitrium pyriforme,39.857943,-86.282153,2020,3,17
40176922,Physcomitrium pyriforme,38.70559901,-76.59214944,2018,3,17
40190629,Physcomitrium pyriforme,34.22695076,-77.87146363,2020,2,22
40201175,Physcomitrium pyriforme,33.06165283,-96.97722,2020,3,18
40233656,Physcomitrium pyriforme,38.71234318,-75.91131095,2020,3,19
40235398,Physcomitrium pyriforme,40.48793011,-74.43695009,2020,3,19
40241391,Physcomitrium pyriforme,40.0154597,-75.2444334,2020,3,19
40247032,Physcomitrium pyriforme,39.75355464,-75.56848705,2020,3,19
40250373,Physcomitrium pyriforme,37.54593833,-84.24279167,2020,3,19
40286134,Physcomitrium pyriforme,40.0705945,-74.895395,2020,3,18
40289582,Physcomitrium pyriforme,38.2159851,-75.69987664,2020,3,2
40295574,Physcomitrium pyriforme,39.64500807,-75.38212761,2020,3,20
40299411,Physcomitrium pyriforme,34.22003,-77.87213833,2020,3,18
40304648,Physcomitrium pyriforme,39.33496855,-76.55053999,2020,3,20
40324979,Physcomitrium pyriforme,37.53509167,-77.43534167,2020,3,20
40375753,Physcomitrium,39.33444277,-76.62586319,2020,3,21
40398181,Physcomitrium pyriforme,36.37138465,-94.20638419,2020,3,21
40405128,Physcomitrium pyriforme,39.13265278,-76.90862222,2020,3,21
40445074,Physcomitrium pyriforme,39.71777778,-75.59277778,2020,3,21
40515529,Physcomitrium pyriforme,52.57855424,17.11047965,2020,3,21
40523005,Physcomitrium,32.78016655,-97.08732784,2020,3,20
40523860,Physcomitrium pyriforme,32.78012166,-97.08741966,2020,3,21
40561629,Physcomitrium pyriforme,40.28968497,-74.721506,2020,3,20
40563183,Physcomitrium pyriforme,38.89557162,-75.81720943,2019,3,30
40563957,Physcomitrium pyriforme,35.94106333,-97.03466667,2020,3,21
40566479,Physcomitrium,35.61882397,-79.15701197,2020,3,14
40573862,Physcomitrium,36.15110979,-78.97740475,2020,3,7
40593292,Physcomitrium,37.01953734,-94.7042828,2020,3,23
40604879,Physcomitrium pyriforme,38.1843,-83.43799667,2020,3,23
40606161,Physcomitrium pyriforme,38.66324318,-85.14430013,2020,3,23
40625736,Physcomitrium pyriforme,39.304775,-76.83319667,2020,3,20
40639286,Physcomitrium,38.17473588,-84.91885517,2020,3,23
40641255,Physcomitrium,37.5564803,-84.2678787,2020,3,24
40659576,Physcomitrium pyriforme,40.57403743,-74.61209007,2020,3,24
40659875,Physcomitrium pyriforme,39.33351868,-76.55353669,2020,3,24
40703082,Physcomitrium pyriforme,39.33608881,-76.54985871,2020,3,25
40713220,Physcomitrium pyriforme,36.194305,-79.33386167,2020,3,25
40713238,Physcomitrium pyriforme,37.629131,-84.792715,2020,3,25
40724303,Physcomitrium,37.9878599,-85.9317646,2020,3,25
40730919,Physcomitrium pyriforme,29.99016667,-92.09005,2020,3,25
40759272,Physcomitrium pyriforme,32.77491788,-97.09311171,2020,3,26
40763527,Physcomitrium,40.04353333,-75.30608333,2020,3,26
40767829,Physcomitrium,36.59363628,-87.41061428,2020,3,26
40769340,Physcomitrium pyriforme,40.05694341,-75.68476517,2020,3,26
40777204,Physcomitrium pyriforme,40.32004852,-75.39732096,2020,3,26
40782622,Physcomitrium pyriforme,33.78525833,-78.98631333,2020,3,26
40793616,Physcomitrium pyriforme,33.35526906,-87.50716459,2020,3,23
40795283,Physcomitrium pyriforme,36.59092143,-82.29319855,2020,3,25
40821231,Physcomitrium,38.84665206,-77.06552857,2020,3,27
40834667,Physcomitrium pyriforme,39.93526386,-76.14637601,2020,3,27
40838255,Physcomitrium pyriforme,40.27136566,-74.88571543,2020,3,27
40840002,Physcomitrium pyriforme,38.94802641,-75.52634434,2020,3,18
40844891,Physcomitrium pyriforme,40.29688833,-74.72008667,2020,3,27
40845609,Physcomitrium pyriforme,41.3440933,-81.32430015,2020,3,26
40861426,Physcomitrium pyriforme,39.75027778,-75.56666667,2020,3,27
40886658,Physcomitrium pyriforme,38.68775743,-75.38959806,2020,3,28
40889258,Physcomitrium pyriforme,36.00699642,-78.99225423,2020,3,28
40905123,Physcomitrium,40.84511542,-75.69996136,2020,3,28
40911591,Physcomitrium pyriforme,40.63733112,-74.56503372,2020,3,28
40912249,Physcomitrium pyriforme,40.84519285,-75.69998375,2020,3,28
40926920,Physcomitrium pyriforme,38.58872785,-90.40893822,2020,3,28
40972296,Physcomitrium,34.635992,-86.495799,2020,3,29
40982646,Physcomitrium pyriforme,39.9341425,-75.60332851,2020,3,29
40985114,Physcomitrium pyriforme,38.6126263,-90.4903524,2020,3,25
40997036,Physcomitrium pyriforme,39.852594,-86.316063,2020,3,28
41002591,Physcomitrium pyriforme,40.65226171,-73.98994445,2020,3,16
41005065,Physcomitrium pyriforme,37.3164008,-76.790413,2020,3,24
41005212,Physcomitrium pyriforme,37.31859,-76.79785,2020,3,24
41005268,Physcomitrium pyriforme,37.31828,-76.80001,2020,3,24
41006643,Physcomitrium pyriforme,39.10228056,-84.33850556,2020,3,29
41019356,Physcomitrium pyriforme,33.05407783,-97.02633617,2020,3,29
41019362,Physcomitrium pyriforme,33.0540805,-97.02632783,2020,3,29
41054513,Physcomitrium,38.80284851,-90.84326787,2020,3,30
41059657,Physcomitrium pyriforme,40.60266962,-74.53282485,2020,3,27
41064876,Physcomitrium pyriforme,33.0549195,-97.02701667,2020,3,29
41064938,Physcomitrium pyriforme,33.0549695,-97.0271,2020,3,29
41068250,Physcomitrium pyriforme,36.11365152,-80.37281603,2020,3,30
41074299,Physcomitrium pyriforme,41.5123764,-90.57125728,2020,3,30
41077483,Physcomitrium pyriforme,36.16057243,-78.84723668,2020,3,30
41102369,Physcomitrium pyriforme,41.88740833,-71.436705,2020,3,31
41117633,Physcomitrium pyriforme,40.56666787,-111.8108033,2020,3,31
41122678,Physcomitrium,41.09000129,-73.97910943,2020,3,31
41122764,Physcomitrium pyriforme,42.90791276,-96.88608063,2020,3,31
41199686,Physcomitrium pyriforme,39.21714789,-76.46380174,2020,3,30
41200316,Physcomitrium pyriforme,40.5739824,-74.61210188,2020,4,1
41201142,Physcomitrium pyriforme,33.05412217,-97.02629167,2020,4,1
41201190,Physcomitrium pyriforme,33.05412217,-97.02629167,2020,4,1
41201255,Physcomitrium pyriforme,33.05412217,-97.02629167,2020,4,1
41225529,Physcomitrium pyriforme,40.24637759,-7.816415005,2020,1,14
41235501,Physcomitrium pyriforme,40.00289817,-76.59201491,2020,4,2
41242058,Physcomitrium pyriforme,36.39089887,-96.21758909,2020,4,2
41251302,Physcomitrium pyriforme,39.96494667,-86.19622,2020,4,2
41265563,Physcomitrium pyriforme,43.20026462,-85.3311048,2020,4,2
41290265,Physcomitrium pyriforme,42.09956117,-72.59239167,2020,4,1
41306946,Physcomitrium pyriforme,40.90708051,-74.88921685,2020,4,3
41327850,Physcomitrium pyriforme,40.289614,-74.72147097,2020,4,3
41327860,Physcomitrium pyriforme,40.289627,-74.721445,2020,4,3
41327866,Physcomitrium pyriforme,40.28962597,-74.721496,2020,4,3
41341390,Physcomitrium pyriforme,40.35866892,-90.08393464,2020,4,3
41360645,Physcomitrium pyriforme,40.73918667,-75.56026333,2020,3,24
41388753,Physcomitrium,40.21986667,-75.28421167,2020,4,4
41405219,Physcomitrium pyriforme,35.97602037,-97.03857746,2020,4,4
41442964,Physcomitrium pyriforme,40.6913859,-73.5635312,2020,4,5
41444489,Physcomitrium pyriforme,44.68090748,-63.53378313,2020,4,5
41454738,Physcomitrium pyriforme,40.60248099,-74.53275778,2020,4,5
41456711,Physcomitrium pyriforme,40.27553296,-80.08115474,2020,4,5
41457168,Physcomitrium,38.59444181,-90.5650976,2020,4,5
41461233,Physcomitrium pyriforme,35.65336167,-97.43509667,2020,4,5
41461860,Physcomitrium pyriforme,39.25727461,-80.31109478,2020,4,5
41464182,Physcomitrium pyriforme,39.10795589,-77.11064992,2020,4,4
41466728,Physcomitrium,40.68516167,-73.89125,2020,3,29
41472834,Physcomitrium pyriforme,40.55809444,-90.03511682,2020,4,5
41482831,Physcomitrium pyriforme,30.20296667,-97.70012,2020,4,4
41490946,Physcomitrium,39.00428732,-76.93757521,2020,4,5
41505318,Physcomitrium pyriforme,42.74162923,-83.0261538,2020,4,5
41507566,Physcomitrium,35.96444056,-96.91593914,2020,4,5
41551581,Physcomitrium pyriforme,40.17064296,-76.30029292,2020,4,6
41556248,Physcomitrium,40.3356483,-75.9268747,2020,4,5
41571031,Physcomitrium pyriforme,40.7588598,-81.9534815,2020,4,6
41576994,Physcomitrium pyriforme,38.78350833,-77.07102217,2020,4,2
41610108,Physcomitrium pyriforme,53.15389365,14.69000512,2020,4,6
41611426,Physcomitrium pyriforme,40.41959097,-74.48357033,2020,4,7
41616182,Physcomitrium pyriforme,36.0991574,-78.80785918,2020,4,5
41616202,Physcomitrium pyriforme,36.0993949,-78.8064477,2020,4,5
41616212,Physcomitrium pyriforme,36.09933868,-78.80656828,2020,4,5
41621761,Physcomitrium pyriforme,40.64726619,-73.99166996,2020,4,7
41623381,Physcomitrium pyriforme,43.22565331,-79.90322602,2020,4,7
41623836,Physcomitrium pyriforme,39.84980278,-84.90177778,2020,4,7
41635538,Physcomitrium pyriforme,42.37054337,-71.85103068,2020,4,7
41637846,Physcomitrium pyriforme,43.39546787,-86.34218297,2020,4,7
41644747,Physcomitrium pyriforme,40.27019622,-83.99274661,2020,4,7
41646743,Physcomitrium pyriforme,29.95786687,-97.15298187,2020,4,6
41653787,Physcomitrium pyriforme,32.72544443,-97.15496894,2020,4,7
41669973,Physcomitrium pyriforme,35.503955,-97.55580333,2020,4,7
41679972,Physcomitrium pyriforme,53.84027778,-2.496666667,2020,4,8
41692340,Physcomitrium,42.99619308,-85.72918628,2020,4,8
41692792,Physcomitrium pyriforme,41.78033431,-72.06228883,2020,4,8
